LayerID, Total Cycles, Stall Cycles, Overall Util %, Mapping Efficiency %, Compute Util %,
0, 433735, 393361, 3.955738382883558, 49.75328947368421, 42.4951625386997,
1, 39695, 28608, 24.184406096485702, 100.0, 86.58008658008654,
