LayerID, Total Cycles, Stall Cycles, Overall Util %, Mapping Efficiency %, Compute Util %,
0, 1521606, 1400482, 6.765518225480183, 99.50657894736842, 84.99032507739905,
